text,author
Interested in a #job in #Tappahannock; VA? This could be a great fit: https://t.co/0kfw0wQAaM #Retail #Hiring #CareerArc,tmj_rch_retail
RT @ladylaff: How to ease the five in-store friction points by @cliffcrosbie @Prism   https://t.co/STvYPsAhKb  #retail #Analytics,RoundEarthlings
The latest The jul krabetz Daily! https://t.co/e4XzUaohPQ Thanks to @ricknania @avg8 @suite717 #retailertuesday #retail,Ballnacht
US #Retail #Shares #Hit as #Sales #Fall in May - https://t.co/x1t0ls8DIy - #World_News https://t.co/i4eiPBYz4D,Shopall3
Duty Manager (Supermarket / Retail) #retail/purchasing #job; Nottingham... https://t.co/gQmtZE6ogm,CVLibraryRetail
Client Advisor; Part Time - Waikiki Gump; Honolulu #Jobs #Retail #Waikâ¬Ãkâ¬Ã https://t.co/tj4lyTo6Jo https://t.co/IfoBH6G9zh,FashionJobsUS
Team Manager - Union Square; San Francisco #Jobs #Retail #Sanfrancisco https://t.co/CoBliPPxB5 https://t.co/UkKPIwJsPS,FashionJobsUS
Want to work in #Roanoke; VA? View our latest opening: https://t.co/8bkkXEpjgN #Retail #Job #Jobs #Hiring #CareerArc,tmj_roa_retail
Want to work at Chico's? We're #hiring in #KansasCity; KS! Click for details: https://t.co/erWJYD2HtU #Retail #Job #Jobs #CareerArc,tmj_ksk_retail
#2017 is going to be the worst #retail #apocalypse in #US #History: https://t.co/MpOIWxVoAH,charisma_news
If you're looking for work in #Thornton; CO; check out this #job: https://t.co/LCblgyz5qF #Retail #Hiring #CareerArc,tmj_den_retail
Can you recommend anyone for this #job? Retail Receiving Attendant - https://t.co/sSlXUXRAcT #Retail #Miami; FL #Hiring #CareerArc,weareteamtrump
Interested in a #job in #Beatrice; NE? This could be a great fit: https://t.co/a4nj9GcZld #Retail #Hiring,tmj_ne_retail
Interested in a #job in #Dublin; GA? This could be a great fit: https://t.co/1SHMxQi9oq #Retail #Hiring,tmj_GAD_retail
@CBREâ°ÃÂªs CEO Bob Sulentic discussed the future of #retail #realestate on @FoxBusiness's @MorningsMaria show https://t.co/2Kl8ZvL4qO,_MelissaLey
Can you recommend anyone for this #job? Mobile Concierge - https://t.co/YfFXKtuvyY #Retail #Reidsville; NC #Hiring #CareerArc,tmj_nct_retail
If you're looking for work in #Plainview; TX; check out this #job: https://t.co/MORuXJShdL #Retail #Hiring,rgiscareers
We're #hiring! Click to apply: Assistant Store Manager 37.5hrs; Thurrock- 251 Lakeside - https://t.co/5vJTOwQqtW #o2jobs #Retail #Job,O2JobsFeed
See our latest #Dearborn; MI #job and click to apply: Co-Manager - Springfield; IL - https://t.co/dmmkOUPs5p #Retail #Hiring #CareerArc,tmj_dtw_retail
How to ease the five in-store friction points by @cliffcrosbie @Prism   https://t.co/7NEDEQOl2K  #retail #Analytics,ladylaff
Join the OTG Management team! See our latest #job opening here: https://t.co/7DTZnlw40R #Retail #Houston; TX #Hiring,OTGCareers
We're #hiring! Read about our latest #job opening here: Task (Temporary) - https://t.co/LqIgNLJmT6 #Retail #Hanover; NJ #CareerArc,tmj_nwk_retail
Can you recommend anyone for this #job in #Duluth; GA? https://t.co/ZCzUaMUuxY #Sales #CustServ #Retail #Hiring #CareerArc,ASFurnitureJobs
Can you recommend anyone for this #job in #Jonesboro; LA? https://t.co/wrHYzYHBzL #Retail #Hiring #CareerArc,tmj_LAM_retail
See our latest #Calabasas; CA #job and click to apply: Assistant Store Manager (Calabasas) - https://t.co/33kq7IVw71 #Retail #Hiring,tmj_lax_retail
If you're looking for work in #Amarillo; TX; check out this #job: https://t.co/k2r7YTgagR #Retail #Hiring #CareerArc,tmj_tx_retail
Can you recommend anyone for this #job in #FtLauderdale; FL? https://t.co/Dt5NWz2N3V #Retail #Hiring,tmj_FLF_retail
Interested in a #job in #Aurora; NE? This could be a great fit: https://t.co/6E1qWYjTDP #Retail #Hiring #CareerArc,tmj_NEG_retail
We're #hiring! Read about our latest #job opening here: Store Team Member - https://t.co/bAJUH7fTT3 #Retail #Shelburne; VT,tmj_brl_retail
Quand la qualitÃÂ© de l'expÃÂ©rience en #magasin dÃÂ©pend de la maturitÃÂ© #online ! #phygital #omnicanal #retail  https://t.co/5mks7sfEF7,keyneosoft
See our latest #GrandJunction; CO #job and click to apply: Mobile Concierge - https://t.co/GDH2sq3WVD #Retail #Hiring #CareerArc,MarketSourceJob
Mulberry profits and sales continue to grow https://t.co/uqbcdYtmm0 #retail #shopping https://t.co/Tfbhm98XFj,Kesslers_Ltd
Want to work in #Lebanon; PA? View our latest opening: https://t.co/wrNEEKxhm4 #Diversity #Retail #Job #Jobs #Hiring #CareerArc,DGCareers
If you're looking for work in #Fridley; MN; check out this #job: https://t.co/Mdfjv10QiC #Retail #Hiring #CareerArc,tmj_msp_retail
Can you recommend anyone for this #job? Full-Time Beauty Advisor - https://t.co/e6XL8T75UO #Retail #Richmond; IN #Hiring,tmj_OHD_retail
See our latest #Houston; TX #job and click to apply: Kroger Grocery/Stocking Hourly Associate - https://t.co/mzSMzNT0Tz #Retail #Hiring,tmj_hou_retail
We're #hiring! Click to apply: Assistant Store Manager - https://t.co/bGRmPNHlZK #Retail #Redmond; WA #Job #Jobs #CareerArc,ChicosCareers
We're #hiring! Click to apply: Assistant Store Manager - https://t.co/QFm46BfcZF #Retail #MountPleasant; SC #Job #Jobs #CareerArc,WHBMCareers
We're #hiring! Read about our latest #job opening here: Sales Lead - https://t.co/7iRmvLTVXQ #Retail #PonteVedraBeach; FL #CareerArc,tmj_jax_retail
The dollar is plunging https://t.co/LY294TWcc0 #dollar #fed #federal #news #retail,zentrade_online
Can you recommend anyone for this #job in #Danbury; CT? https://t.co/deva9FAL6q #Retail #Hiring,tmj_ctg_retail
Can you recommend anyone for this #job? Store Manager - https://t.co/FMyZ8Gz3X2 #Sales #Retail #Ottawa; ON #Hiring,WineRackCareers
Want to work at Whole Foods Market? We're #hiring in #SanFrancisco; CA! Click for details: https://t.co/LTsNacvEXu #Retail #Job #Jobs,tmj_sfo_retail
The #Retail landscape will be transformed in 10 yrs! Ann Taylor; Dress Barn; Loft; Lane Bryant Store closures: https://t.co/39OWLhx2mq,vsonsev
We're #hiring! Click to apply: Inventory Associate - https://t.co/9xZfLAOIOm #Retail #Vineland; NJ #Job #Jobs,tmj_wde_retail
See our latest #OldSaybrook; CT #job and click to apply: Beauty Consultant - https://t.co/zkLE5j6yHQ #Retail #Hiring,tmj_ctm_retail
RT @OlivettiOnline: #Retail; il successo viene da una esperienza emotiva del cliente. In negozio come online https://t.co/CBiLKLE03J https:â°Ã_,Rusanigul
Join the Salamander Hotels &amp 49;"Can you recommend anyone for this #job? Retail Operations Manager - https://t.co/MAPiRWfLGX #Retail #PittMeadows; BC #Hiring,BrickCareers
Want to work in #Sacramento; CA? View our latest opening: https://t.co/k514O6elfY #Retail #Job #Jobs #Hiring #CareerArc,tmj_sac_retail
See our latest #Oneonta; AL #job and click to apply: Store Team Member-2513 - https://t.co/UhtdiiksoS #Retail #Hiring,tmj_bhm_retail
RT @DavisRecord: #Kitchener's Highland Camera focuses on its future: https://t.co/BYeB2lTvQ8 #Retail https://t.co/QChCYx7MlZ,WR_Record
#Consumer #electronics July #retail #summit:  private meetings with retailers; #vendors; &amp 54;"RT @ucgeint: Do you know these?  #retail #design #Store #market #shopping #shoppingtrolley #shop #mall #design #shopfitting #supermarket #bâ°Ã_,EHFoundation237
Interested in a #job in #Belding; MI? This could be a great fit: https://t.co/p4LmDi96hI #Retail #Hiring #CareerArc,tmj_mi_retail
Want to work at Sperry? We're #hiring in #LakeBuenaVista; FL! Click for details: https://t.co/HBdtb2X5rW #Retail #Job #Jobs,WWWRetailJobs
See our latest #Lancaster; PA #job and click to apply: Store Manager - https://t.co/1XuBZxNuMT #Retail #Hiring #CareerArc,tmj_pa_retail
Join the Dollar General team! See our latest #job opening here: https://t.co/0GDhcpyzSz #Retail #Tallahassee; FL #Hiring #CareerArc,tmj_fl_retail
Bazingraphy est en ligne! https://t.co/4cPPVEnyJt Merci ÃÃ @Lamriben @CNNFrancePR @BAHjournalist #ecommerce #retail,wberrazeg
Join the Value City Furniture team! See our latest #job opening here: https://t.co/KvFQginOi4 #Sales #CustServ #Retail #FallsChurch; VA,VCFCareers
The latest The Claude Oggier Daily! https://t.co/USnJHY2x10 #retail #watsoncommerce,claudeoggier
If you're looking for work in #Altoona; IA; check out this #job: https://t.co/DrKZh0BrBk #Retail #Hiring #CareerArc,tmj_IAD_retail
RT @BBVAResearchUSA: Our take on #inflation and #retail #sales in May and the upcoming #FOMC meeting. Listen to our #podcast! https://t.co/â°Ã_,BBVACompass
See our latest #Burlington; MA #job and click to apply: Seasonal Temporary Store Associate - Sperry - https://t.co/f8lx4ojBQY #Retail,SperryCareers
Learn how #AI plays into every step in the #retail #customerjourney via @retexperience #CX https://t.co/B6h4Hdgp76 https://t.co/XFNAvI7Su7,Blacksugar75
Do you know these?  #retail #design #Store #market #shopping #shoppingtrolley #shop #mall #design #shopfittingâ°Ã_ https://t.co/f7o44PgEYv,ucgeint
This #job might be a great fit for you: Store Manager - https://t.co/4WRLci1eIu #Retail #OklahomaCity; OK #Hiring #CareerArc,tmj_okc_retail
Can you recommend anyone for this #job? Inventory Associate - https://t.co/6VmKe8h5qh #Retail #Pleasanton; CA #Hiring,tmj_sjc_retail
Find Your Summer Dream #Job! The @tjmaxx store in #Falmouth; MA is #HIRING! #retail Learn More: https://t.co/YTqVGcbHs8 #Retail #CareerArc,JobsatTJX
See our latest #Greenwood; SC #job and click to apply: Store Manager - https://t.co/jph6rAkZG5 #Retail #Hiring #CareerArc,tmj_grn_retail
Order Delivery Date / Instructions https://t.co/td0o567SCu #magento #extensions #plugins #ecommerce #instagram #retail,etailerlab
If you're looking for work in #BlueSprings; MO; check out this #job: https://t.co/YjLRCdnx7q #Diversity #Retail #Hiring #CareerArc,DGCareers
3 innovations dans lâ°ÃÂªexpÃÂ©rience client en magasin #retail https://t.co/6sVtzQjfZN,JohnGlt
Interested in a #job in #Plainfield; IN? This could be a great fit: https://t.co/NwdoC8Zgja #Retail #Hiring,JobsAtKohls
Can you recommend anyone for this #job in #Baxley; GA? https://t.co/lYaNHWnzng #Retail #Hiring #CareerArc,tmj_ga_retail
#ExpressStoresLLC: Wireless #Retail #Sales Associate (#Baltimore) #job https://t.co/OzvGFK233f https://t.co/BfrmI4DxDV,naps79
Join the TNG team! See our latest #job opening here: https://t.co/uEWicUD08X #Retail #Lutz; FL #Hiring #CareerArc,tmj_tpa_retail
This #job might be a great fit for you: Store Manager - https://t.co/sMlscrvHOD #Retail #Gaston; SC #Hiring #CareerArc,tmj_cae_retail
This #job might be a great fit for you: Support Associate - https://t.co/uRj4Oy1dzy #Retail #Naperville; IL #Hiring #CareerArc,tmj_chi_retail
We're #hiring! Read about our latest #job opening here: Sales Associate - https://t.co/R9akf4YVyD #Retail #StCloud; MN #CareerArc,tmj_MNS_retail
Want to work in #Dearborn; MI? View our latest opening: https://t.co/VGvrH2K0Zs #Retail #Job #Jobs #Hiring #CareerArc,cititrendsjobs
RT @planetsandhya: Great to see #retail presence @TechXLR8 @TescoLabs #MachineLearning #retailtech https://t.co/hoXEBu18tl,shakamunyi
RT @GlasheenJasmin1: Can fitness centers save malls?  https://t.co/Dfu8nhovWw @retailwire @RetailMinded #Retail https://t.co/gh6eQRh1kk,RetailMinded
Alongside the @Jaguar #retail range; we also contributed to the @LandRover #heritage range! https://t.co/rSMUCpzw8X https://t.co/kDygdnVzEQ,touch_of_ginger
.@RSMUSLLP's John Nicolopoulos tells @Bisnow #retail is shifting to efficient spaces to maximize every sq. inch.  https://t.co/NcWz1xtrSo,OKWArchitects
RT @MKEBizJournal: #Retail closing impact: @Kmart #Wisconsin store closures affect 239 employees https://t.co/QBiZqhYymZ,WisconsinWinns
Let there be shopping âÃ_âÃ¼Ã#retail #shopping #FitAll #DenimClass #Jeans #Denim @macys #Fashionâ°Ã_ https://t.co/yuaGM3d7Nc,bamboojeans
Retailers Havenâ°ÃÂªt Lost Sight of Need for In-Store Personalization | eMarketer Retail https://t.co/rznub1oV5e #Marketing #Retail,SteveMauchline
If you're looking for work in #Portland; OR; check out this #job: https://t.co/VZrAZFlrzC #Retail #Hiring #CareerArc,jcrew_jobs
#Retail Is Crowing the #DowntownLA Renaissance https://t.co/Vfc4HTpZbB via @GlobeStcom  #realestate,RealtyCutter
We're #hiring! Click to apply: Home Furnishing Consultant - https://t.co/WbBggxZJEY #Retail #Morrow; GA #Job #Jobs #CareerArc,tmj_atl_retail
If you're looking for work in #BroadviewHeights; OH; check out this #job: https://t.co/OOZZ6J4J3o #Retail #Hiring,tmj_cle_retail
This #job might be a great fit for you: Head Cashier - Full-Time - https://t.co/9c2WzmPCAp #Retail #Brick; NJ #Hiring #CareerArc,tmj_nyc_retail
@CBREâ°ÃÂªs CEO Bob Sulentic discussed the future of #retail #realestate on @FoxBusiness's @MorningsMaria show https://t.co/zV2G2IcpOJ,CBREelpaso
4 Lies You Tell Yourself That Keep You From Being Successful https://t.co/Y9m8THyGyE #retail,retailbiznews
4 Lies You Tell Yourself That Keep You From Being Successful https://t.co/163dMdfQrs #retail,smallbizretail
We're #hiring! Read about our latest #job opening here: Inventory Associate - https://t.co/XFCO3Zv4qz #Retail #RanchoCucamonga; CA,tmj_cao_retail
This #job might be a great fit for you: Retail Team Member - https://t.co/wYTGmmv0GK #Retail #Pratt; KS #Hiring,tmj_ks_retail
Want to work in #Malvern; AR? View our latest opening: https://t.co/el3zVBufZL #Retail #Job #Jobs #Hiring #CareerArc,tmj_ar_retail
RT @cfnewsimmoinfra: Le franÃÂ¤ais @AXAIMRealAssets met la main sur un #retail park de 47k m2 en Andalousie en JV avec @sonaesierra_es https:â°Ã_,SteeleAndHolt
We're #hiring! Read about our latest #job opening here: AssociÃÂ© de magasin - https://t.co/SZNfvaa5Q4 #Retail #StCaharines; ON #CareerArc,tmj_gta_retail
Less than 2 hours until  â°ÃÃ#Biometrics at #Retail: A New World of Shopping By 2022â°ÃÂ JWebinar; TODAY at 1pm ET hosted by @gmdcnews,cmaxmost
Can you recommend anyone for this #job? Beauty Consultant - https://t.co/2syfHCKZLc #Retail #Waltham; MA #Hiring,tmj_bos_retail
Want to work in #Grenoble; Auvergne-RhÃÂ«ne-Alpes? View our latest opening: https://t.co/hYcqWqUTO8 #Retail #Job #Jobs #Hiring,tmj_fra_retail
Interested in a #job in #Midland; TX? This could be a great fit: https://t.co/AVugRraTQz #Retail #Hiring #CareerArc,tmj_tx_retail
Join the WHBM team! See our latest #job opening here: https://t.co/21tc7LUzu0 #Retail #KingofPrussia; PA #Hiring #CareerArc,tmj_phl_retail
RT @planetsandhya: Great to see #retail presence @TechXLR8 @TescoLabs #MachineLearning #retailtech https://t.co/hoXEBu18tl,TechXLR8
RT @growthengineer: What are the 7 biggest challenges facing retail in 2017? #retail #future #challenges  https://t.co/IJ33CUiEV1,trustinstinct
RT @PaulMilner9: "We know that the notion that physical #retail is dead is just silly" @StevenPDennis tells @Forbes https://t.co/IVGadvoR4uâ°Ã_,retailbroker
@CBREâ°ÃÂªs CEO Bob Sulentic discussed the future of #retail #realestate on @FoxBusiness's @MorningsMaria show https://t.co/JBMHA67nsh,CBRECentralTX
How can mall owners &amp 112;"Want to work at Tractor Supply Company? We're #hiring in #Derry; NH! Click for details: https://t.co/axBGzB1ekf #Retail #Job #Jobs,tmj_NHC_retail
We're #hiring! Click to apply: Specialty Team Member (Full-Time) - https://t.co/eEynWpvnvb #Retail #USA #Job #Jobs #CareerArc,tmj_usa_retail
Want to work at J. Crew? We're #hiring in #Calgary; AB! Click for details: https://t.co/sHQVYSytlL #Retail #Job #Jobs #CareerArc,tmj_cal_retail
We're #hiring! Click to apply: Bookseller - Part-Time - https://t.co/FBrepnXKnU #Retail #Lynnwood; WA #Job #Jobs #CareerArc,tmj_sea_retail
Join the Kendra Scott team! See our latest #job opening here: https://t.co/ffiXr5pCYm #Retail #PalmBeach; FL #Hiring #CareerArc,KendraScottJobs
@CBREâ°ÃÂªs CEO Bob Sulentic discussed the future of #retail #realestate on @FoxBusiness's @MorningsMaria show https://t.co/a7LBiUThmJ,CBREHouston
Want to work in #RockHill; SC? View our latest opening: https://t.co/cUnM9YAYFZ #Retail #Job #Jobs #Hiring #CareerArc,tmj_clt_retail
Can you recommend anyone for this #job? Store Sales Associate - Hartsville; SC - https://t.co/VJwK5mIK9Y #Retail #Roanoke; VA #Hiring,tmj_roa_retail
The latest The Brand Whispering Daily News! https://t.co/6NAaabfIva Thanks to @ContentSquare @LanezG @zylotweet #retail,brandwhispers
The Store Of The Future: 133 Startups. #disruption agents in brick-and-mortar #retail #innovation #VR #IoT #AIâ°Ã_ https://t.co/nL6Nzldoo5,ccwang2017
If you're looking for work in #Frederick; MD; check out this #job: https://t.co/TfSpclIIoU #Retail #Hiring,tmj_VAV_retail
RT @EnGeniusTec: 2-Way is Now 3-Way Roam Freely! https://t.co/MkchA3hNTE #retail #dealership #hotel #wifi #hospitality #warehouse https://tâ°Ã_,TWAcomm
https://t.co/sSUkjM9jhM : #Weak #retail - Weak U.S. retail sales; consumer prices put spotlight on Fed https://t.co/toPO7MO2lY,ArdhieEchel
https://t.co/9xh8yLzcJi : #Weak #retail - Weak U.S. retail sales; consumer prices put spotlight on Fed https://t.co/GwomZeQbkV,SndyAaron
Bravo @businessimmo @sandraroumi pour cet avant-goÃÃt de #InInteriors #immobilier #workplace #retail vivement le numâ°Ã_ https://t.co/BH915jtQdi,Convergencescvl
https://t.co/SZ7MOwJUK4 : #Weak #retail - Weak U.S. retail sales; consumer prices put spotlight on Fed https://t.co/LDbAWsAMJP,BobySPutra
https://t.co/Xb5hmOmGA7 : #Weak #retail - Weak U.S. retail sales; consumer prices put spotlight on Fed https://t.co/kB4OGtdWdf,WEBUREcom
https://t.co/KV7oIz6ntO : #Weak #retail - Weak U.S. retail sales; consumer prices put spotlight on Fed https://t.co/OS3xngo6bz,TrendGizmo
We're #hiring! Click to apply: Retail Merchandiser- Part Time - https://t.co/8r6FUOYSuh #Retail #Bloomington; IN #Job #Jobs #CareerArc,tmj_ind_retail
If you're looking for work in #Madison; WI; check out this #job: https://t.co/Dlsf2gHiu5 #Retail #Veterans #Hiring,tmj_mad_retail
Join the RGIS team! See our latest #job opening here: https://t.co/57JpDiMSQV #Retail #Fishkill; NY #Hiring,tmj_RAM_retail
Interested in a #job in #Altamont; NY? This could be a great fit: https://t.co/YKNqXMOheG #Retail #Hiring,tmj_nya_retail
Want to work at Kroger? We're #hiring in #Houston; TX! Click for details: https://t.co/DLjaxXEZEa #Retail #Job #Jobs #CareerArc,tmj_hou_retail
Interested in a #job in #CedarPark; TX? This could be a great fit: https://t.co/mvHRgMI1dr #Retail #Hiring #CareerArc,tmj_aus_retail
RT @IGDTraining: Do you really have emotional intelligence nailed? https://t.co/vPLmNktX6R #fmcg #retail #softskills #emotionalintelligenceâ°Ã_,FoodmfgUK
Want to work in #Hanover; PA? View our latest opening: https://t.co/gagZ0xxVjZ #Retail #Job #Jobs #Hiring #CareerArc,tmj_bal_retail
Neiman Marcus says it is no longer for sale https://t.co/eTcGZcaRqz @mattlindnerIR @IR_Magazine #ecommerce #retail,JM_InternetRet
The future of grocery--in store and online https://t.co/rVwREDLzUn #Retail,SteveMauchline
Can you recommend anyone for this #job in #Socorro; NM? https://t.co/2OuJ7Lhrzm #Retail #Hiring,tmj_nm_retail
We're #hiring! Read about our latest #job opening here: Children's Lead Bookseller - https://t.co/PXZ6P0JRNa #Retail #Calabasas; CA,tmj_lax_retail
This #job might be a great fit for you: Head Cashier-PT - https://t.co/5Pr84tqLKY #Retail #Hicksville; NY #Hiring #CareerArc,tmj_NAS_retail
Can you recommend anyone for this #job? Coordonnateur; Service ÃÃ la clientÃÂ¬le - https://t.co/eGbqxrLGx7 #Retail #Kelowna; BC #Hiring,TJXCanadaJobs
Le franÃÂ¤ais @AXAIMRealAssets met la main sur un #retail park de 47k m2 en Andalousie en JV avec @sonaesierra_esâ°Ã_ https://t.co/C6LsaI2lbM,cfnewsimmoinfra
Increase #retail sales revenue while reducing costs. Learn how: https://t.co/wGwW5iU4p5 https://t.co/Dv9bCwFFxu,PerfectStores
Join the American Signature Furniture team! See our latest #job opening here: https://t.co/5JFpAqwIfu #Retail #Tampa; FL #Hiring,ASFurnitureJobs
This #job might be a great fit for you: STORE MANAGER in Salyersville; KY - https://t.co/buAXZhFHBu #Diversity #Retail #Salyersville; KY,DGCareers
#LeSaviezVous ? Gestion de donnÃÂ©es sans silos = bonne expÃÂ©rience client &amp 149;"This #job might be a great fit for you: Customer Service Associate - Flooring (Part-Time) - https://t.co/o4Zkdwir3b #Retail #Claremore; OK,tmj_tul_retail
Victoriaâ°ÃÂªs Secret se expande en EspaÃÂ±a con sus primeras tiendas a pie de calle en Madrid y MÃÃlaga https://t.co/EBXimwN86A @modaes.es #retail,ViviendaFutura
This #job might be a great fit for you: STORE MANAGER CANDIDATE in CLINTON; MS - https://t.co/d1HjsAZlJp #Retail #CLINTON; MS #Hiring,tmj_ms_retail
@CBREâ°ÃÂªs CEO Bob Sulentic discussed the future of #retail #realestate on @FoxBusiness's @MorningsMaria show https://t.co/Zxer6ztVtG,CBREOklahoma
@CBREâ°ÃÂªs CEO Bob Sulentic discussed the future of #retail #realestate on @FoxBusiness's @MorningsMaria show https://t.co/dqIN25Z8Jr,CBREDFW
@CBREâ°ÃÂªs CEO Bob Sulentic discussed the future of #retail #realestate on @FoxBusiness's @MorningsMaria show https://t.co/p4g74T1ajS,CBREArkansas
Food preparation by volunteers for the devotees at golden temple;amritsar;india #Retail #HighAngleView... https://t.co/Wcf8GjnDLt,ugunthan
RT @NEC: See how @NEC is helping @seveneleven customize the digital experience at the POS #RISRES #17RES https://t.co/ni3aR9Zj2q #CIO #retail,optusinc
Can you recommend anyone for this #job? Produce Service Team Member (Full-time) - https://t.co/55C4dWnulB #Retail #SanFrancisco; CA,tmj_sfo_retail
Want to work in #RehobothBeach; DE? View our latest opening: https://t.co/TuR5WL3qY5 #Retail #Job #Jobs #Hiring,tmj_DES_retail
Can you recommend anyone for this #job? Store Manager - https://t.co/K1Yr1F1lAI #Retail #Carbondale; IL #Hiring #CareerArc,tmj_il_retail
If you're looking for work in #SanJose; CA; check out this #job: https://t.co/hy8I74BXgW $M #Macys #WereHiring #sales #retail #Hiring,JoinCellular
Interested in a #job in #Greeneville; TN? This could be a great fit: https://t.co/V3vddO9oK2 #Retail #Hiring,tmj_ash_retail
The latest Brandcoach's Brandstrategy Daily! https://t.co/ZTzQTmcs1Y Thanks to @mwintrob @martinjbishop #leadership #retail,brandcoach
The Wegmans grocery chain is introducing delivery in partnership with Instacart https://t.co/2TU1XC7kkX #Retail #innovation,SteveMauchline
Can you recommend anyone for this #job in #Winnipeg; MB? https://t.co/QWUXM1ujSJ #Retail #Hiring #CareerArc,tmj_MB_retail
Join the Cellular Sales team! See our latest #job opening here: https://t.co/wAKS7CyXUK #sales #retail #Swansea; MA #Hiring #CareerArc,tmj_rip_sales
Interested in a #job in #Washington; MO? This could be a great fit: https://t.co/v9YI8wic1i #Retail #Hiring #CareerArc,tmj_stl_retail
We're #hiring! Click to apply: Part-Time Freight Associate (Overnight) - https://t.co/Fa4J14le9K #Retail #CranberryTownship; PA #Job #Jobs,tmj_pit_retail
New #retail; #inflation data dragging on #US markets. @PaulWisemanAP and @mcrutsinger report https://t.co/GihufFtP14 https://t.co/731G0oGPKB,APBusiness
What are Royaltie Gems?Ã¥Ã Who uses them?Ã¥Ã https://t.co/KP0OJ5LNzQ #gems #marketing #realators #doggroomers #salonsâ°Ã_ https://t.co/Plc4Kvuy5J,WarriorWoman525
Testez notre systÃÂ¬me d'indoor positioning au salon #Onlylight ! #retail #innovation https://t.co/PBXcvMYmyK,PhilipsLightFR
We're #hiring! Click to apply: Stylist; J.Crew Retail; Bridgeport Village - https://t.co/H0ZvtZRcxc #Retail #Tigard; OR #Job #Jobs,tmj_pdx_retail
We're #hiring! Read about our latest #job opening here: Full-time Cashier - https://t.co/qEb039XCuX #Retail #Columbus; OH #CareerArc,tmj_chh_retail
Is Indiaâ°ÃÂªs #BigBasket #Amazonâ°ÃÂªs Next Online Grocery Conquest? | #ecommerce #retail - https://t.co/1ZgZu3GGFP,mngallardo
Get notified when a customer #searches for a #product like yours - send them a private offer they cannot refuse!â°Ã_ https://t.co/Oy6TGI8q0B,getum_local
See our latest #Augusta; ME #job and click to apply: Mobile Concierge - https://t.co/EySDXF1zFf #Retail #Hiring #CareerArc,tmj_me_retail
Hawaii Self Storage Awards $40;000 in College Scholarships https://t.co/tRwfvgu03B #retail,retailresources
Hawaii Self Storage Awards $40;000 in College Scholarships https://t.co/g5xjHi4Mxe #retail,smbresourcenews
Find Your Summer Dream #Job! The @marshalls store in #CapeMay; NJ is #HIRING! #retail Learn More: https://t.co/o8aewQvRh4 #Retail,JobsatTJX
Join the Value City Furniture team! See our latest #job opening here: https://t.co/YmEMgQQcgL #Retail #Florence; KY #Hiring #CareerArc,tmj_cin_retail
Warehouse Assistant #retail/purchasing #job; London; Greater London... https://t.co/xzGYeQxJ9O,CVLibraryRetail
RT @SmartTrans_SMA: Rural areas to give growth boost to maturing #online #retail #market in #China (via @ystats) https://t.co/ZGzOMb7y5T  #â°Ã_,ystats
We're #hiring! Click to apply: Inventory Associate - https://t.co/ahT1OAbTcO #Retail Missouri #Job #Jobs,tmj_mo_retail
Want to work in #Riverbank; CA? View our latest opening: https://t.co/4bvMRmH4x6 #Retail #Job #Jobs #Hiring,tmj_ca_retail
RT @CACI_LocStrat: Almost ready to kick off our annual Retail Briefing #retail #RB17 https://t.co/App2gznwJe,CACI_Data
Last call! Join us today at 2 p.m. ET to learn how the #retail industry embracing #salestax tech to achieve growth: https://t.co/wBcyvH9wBZ,SovosCompliance
What are the 7 biggest challenges facing retail in 2017? #retail #future #challenges ,a